time; right; left
4218713.8600001335;0;0
5225550.931000233;0;0
6218752.470000267;0;0
7226440.993999958;147;-147
8217686.81400013;2;-2
9224856.822000027;-4;4
10217502.187000275;2;-2
11226474.828000069;-2;2
12218859.901000023;2;-2
13226271.859000206;-2;2
14218550.27699995;2;-2
15225646.707000256;-2;2
